{
  "Nord Milano": [
    "Sesto San Giovanni",
    "Cinisello Balsamo",
    "Bresso",
    "Cormano",
    "Cusano Milanino",
    "Paderno Dugnano"
  ],
  "Nord Ovest": [
    "Arese",
    "Bollate",
    "Baranzate",
    "Cesate",
    "Garbagnate Milanese",
    "Lainate",
    "Limbiate",
    "Novate Milanese",
    "Pero",
    "Pogliano Milanese",
    "Pregnana Milanese",
    "Rho",
    "Senago",
    "Settimo Milanese",
    "Solaro",
    "Vanzago"
  ],
  "Alto Milanese": [
    "Busto Garolfo",
    "Canegrate",
    "Casorezzo",
    "Castano Primo",
    "Cerro Maggiore",
    "Cuggiono",
    "Dairago",
    "Inveruno",
    "Legnano",
    "Magnago",
    "Nerviano",
    "Nosate",
    "Parabiago",
    "Rescaldina",
    "Robecchetto con Induno",
    "San Giorgio su Legnano",
    "San Vittore Olona",
    "Turbigo",
    "Vanzaghello",
    "Villa Cortese",
    "Arconate",
    "Buscate"
  ],
  "Magentino Abbiatense": [
    "Abbiategrasso",
    "Albairate",
    "Arluno",
    "Bareggio",
    "Besate",
    "Boffalora sopra Ticino",
    "Bubbiano",
    "Calvignasco",
    "Cassinetta di Lugagnano",
    "Cisliano",
    "Corbetta",
    "Cornaredo",
    "Cusago",
    "Gaggiano",
    "Gudo Visconti",
    "Magenta",
    "Marcallo con Casone",
    "Mesero",
    "Morimondo",
    "Motta Visconti",
    "Ossona",
    "Ozzero",
    "Robecco sul Naviglio",
    "Rosate",
    "Santo Stefano Ticino",
    "Sedriano",
    "Vermezzo con Zelo",
    "Vittuone"
  ],
  "Sud Ovest": [
    "Assago",
    "Binasco",
    "Buccinasco",
    "Casarile",
    "Cesano Boscone",
    "Corsico",
    "Lacchiarella",
    "Locate di Triulzi",
    "Noviglio",
    "Opera",
    "Pieve Emanuele",
    "Rozzano",
    "San Donato Milanese",
    "Trezzano sul Naviglio",
    "Vernate",
    "Zibido San Giacomo"
  ],
  "Sud Est": [
    "Carpiano",
    "Cerro al Lambro",
    "Colturano",
    "Dresano",
    "Mediglia",
    "Melegnano",
    "Pantigliate",
    "Paullo",
    "Peschiera Borromeo",
    "San Colombano al Lambro",
    "San Giuliano Milanese",
    "San Zenone al Lambro",
    "Tribiano",
    "Vizzolo Predabissi",
    "Mulazzano"
  ],
  "Adda Martesana": [
    "Basiano",
    "Bellinzago Lombardo",
    "Bussero",
    "Cambiago",
    "Carugate",
    "Cassano d'Adda",
    "Cassina de' Pecchi",
    "Cernusco sul Naviglio",
    "Cologno Monzese",
    "Gessate",
    "Gorgonzola",
    "Grezzago",
    "Inzago",
    "Liscate",
    "Masate",
    "Melzo",
    "Pessano con Bornago",
    "Pioltello",
    "Pozzo d'Adda",
    "Pozzuolo Martesana",
    "Rodano",
    "Segrate",
    "Settala",
    "Trezzo sull'Adda",
    "Trezzano Rosa",
    "Truccazzano",
    "Vaprio d'Adda",
    "Vignate",
    "Vimodrone"
  ]
}